{
    "lunes" : [
        {"asignatura": "física", "horaDeInicio": "8:30"},
        {"asignatura": "matemáticas", "horaDeInicio": "10:15"},
        {"asignatura": "inglés", "horaDeInicio": "12:00"}
    ],
    "martes" : [
        {"asignatura": "programación", "horaDeInicio": "8:30"},
        {"asignatura": "matemáticas", "horaDeInicio": "10:15"}
    ],
    "miercoles": [
        {"asignatura": "inglés", "horaDeInicio": "8:30"},
        {"asignatura": "física", "horaDeInicio": "10:15"}
    ],
    "jueves" : [
        {"asignatura": "física", "horaDeInicio": "8:30"},
        {"asignatura": "matemáticas", "horaDeInicio": "10:15"},
        {"asignatura": "inglés", "horaDeInicio": "12:00"}
    ],
    "viernes" : [
        {"asignatura": "programación", "horaDeInicio": "8:30"},
        {"asignatura": "matemáticas", "horaDeInicio": "10:15"}
    ]
}